"File","VideoID"
"22-years-bablu-de-testimony-miracles-guru-shyama-khyapa.md","56Jhs2Fpfqc"
"adhaar-adhikar-rights-capacity-guru-shyama-khyapa.md","QbOsyd0SXts"
"adyashakti-kali-temple-sonarpur-homa-shyama-khyapa.md","8kVRNXYB_Hc"
"after-tarapeeth-this-is-shantikunj-secret-ascetic-shyamakshayapa-provides-information.md","qKK4x_MEzp4"
"aghori-disciple-devotion-healing-ritual-shyama-khyapa.md","4ehz9fL93pg"
"akshaya-tritiya-importance-giving-shyama-khyapa.md","9CIzADfxg3Q"
"ambubachi-by-shyama-khyapa.md","B9RwwiI53OQ"
"ambubachi-part-2-kamakhya-truth-red-cloth-myth-shyama-khyapa.md","c0-ihKLx8fE"
"amend-constitution-republic-day-india-shyama-khyapa.md","4IM6DYUH9dk"
"anjali-prayer-world-peace-covid-shyama-khyapa.md","8A79YLZOjaY"
"annada-thakur-addya-ma-divine-story-eden-gardens.md","-zIycXzon38"
"annapurna-puja-journey-kamakhya-benares-shyama-khyapa.md","EoOwFcwy3rI"
"annual-festival-mother-tara-chokkhudaan-preparations.md","fxlZmd2VsT0"
"ants-grow-wings-and-die-secret-seeker-shyama-khyapa-and-dr-sujeeb-kar-on-afghanistan.md","No0W36s1_m8"
"are-girls-still-untouchable-what-did-gurudev-shyama-khyapa-say.md","nSmR_WaT4Ao"
"are-the-four-dhams-on-the-verge-of-destruction-what-is-the-signal-again-by-shyama-khyapa.md","nP7A1LS6fzw"
"are-you-a-hindu-guru-shyama-khyapa-on-the-awakening-of-sanatan-dharma.md","tRbuatDYPkI"
"arrival-smashan-kali-102-year-old-image-shyama-khyapa.md","DLTltPx6ok4"
"ashtami-pujapath-home-complete-ritual-shyama-khyapa.md","5MdE85MLPFw"
"astika-muni-mansa-devi-mahabharata-nag-panchami.md","aYPK-rvWATA"
"astra-vajra-spiritual-code-revolutionaries.md","LAAIGEBcTsc"
"astrology-vs-astronomy-what-is-authentic-insights-from-guru-shyama-khyapa.md","C1h7RRLxy0k"
"atma-jnana-brahma-jnana-self-divine-knowledge-shyama-khyapa.md","azRZkWJKkmI"
"baba-lokenath-life-160-years-himalayas-barodi.md","0YqdxDlXlsg"
"bagha-jatin-revolutionary-burhibalam-battle-india-future-shyama-khyapa.md","c84knq3qr14"
"bamdev-shivratri-shanti-kunj-celebration-shyama-khyapa.md","7So1_sMzC28"
"ban-mara-black-magic-remedy-shyama-khyapa.md","0_ORHcsXqok"
"bengali-year-1429-predictions-shyama-khyapa.md","5B2F7Bx4oiQ"
"bharat-sevashram-sangha-pushkar-pindadaan-suicide.md","6RbUwDA-XOQ"
"bhavishya-malika-scientific-validation-shyama-khyapa.md","1m0mubGYz9Q"
"bhavishyamalika-unknown-facts-about-kurukshetra-war-by-shyama-khyapa.md","8aQtHYxfcUM"
"birth-cycle-reincarnation-past-lives-shyama-khyapa.md","6tfH6wrq4Ls"
"birth-from-death-soul-journey-rebirth-shyama-khyapa.md","CxgaKRn1cTE"
"birthday-homecoming-maha-mrityunjaya-ritual-shyama-khyapa.md","8REoF36u7bQ"
"blind-boys-song-mother-world-war-three-prophecy.md","B-WqCTeOW2s"
"brahmacharya-part-1-celibacy-spiritual-practice-shyama-khyapa.md","81bmO2ASzF8"
"brother-phota-bhratri-dwitiya-festival-shyama-khyapa.md","7RJbfj_o4uI"
"caste-disaster-gurudev-bhagavad-gita-arjuna-krishna.md","2yNqEuDs8r8"
"celebrating-swami-vivekanandas-birthday-with-rituals.md","BAfWiFfMVTY"
"chanting-world-peace-mrityunjay-prayer-shyama-khyapa.md","4DGD0P_9E_o"
"contact-information-guidelines-gurudev-shyama-khyapa.md","4YwZfDyU3gA"
"contemporary-spiritual-dilemmas-tattoos-predictions-transgender-devotion.md","d3dmfOJMj2M"
"cosmic-action-universe-creation-brahmanda-guru-shyama-khyapa.md","4MiyF-nxGwc"
"cosmic-cycles-covid-and-the-great-eclipse.md","KIFtRUXzZzo"
"covid-19-divine-creation-celestial-prophecy-guru-shyama-khyapa.md","-4RRRRgY0hA"
"covid-19-medical-insights-dr-nilanjana-bhattacharya-ruby-hospital.md","-EVLaDLbBHM"
"covid-vaccine-discussion-doctor-shyama-khyapa.md","e3iFjIbZtKY"
"cremation-ground-insights-miracles-rajpur-shyama-khyapa.md","4nOTP_6EmjI"
"crematorium-bhairav-a-spiritual-dialogue-between-guru-shyama-khyapa-and-maharaj.md","rh8HrUhyYYs"
"criticism-without-knowledge-a-fatal-karma-shyama-khyapas-warning.md","OMGg2J-Xb6I"
"dasha-mahavidya-the-ten-great-wisdoms-explained.md","oNGcAe4yZWI"
"dashamahabidya-kali-part-1-first-last-wisdom-shyama-khyapa.md","1Khq0T4CWSw"
"dattatreya-trimurti-incarnate-yogeshwar-shyama-khyapa.md","3_yH0cW7fxI"
"death-rituals-soul-shradh-ceremonies-shyama-khyapa.md","6CGJ8Q-_Q-Q"
"deeksha-part-two-initiation-from-the-disciples-perspective.md","bZPw_GqoWFg"
"deep-sound-mystery-power-omkar-aum-shyama-khyapa.md","D7rIl-AM6IY"
"defeat-of-science-climate-and-ancient-viruses.md","ijckXLa5HTE"
"destiny-cannot-be-undone-ordainer-story-shyama-khyapa.md","ftJjymCQdSU"
"devadasi-tradition-insights-guru-shyama-khyapa.md","6ZuVo8W-0uk"
"dharma-moral-teachers-gurus-modern-times.md","2RBLlfzMcu8"
"dhumavati-dashamahabidya-seventh-mahavidya.md","b-vqK4OL-KE"
"dhyana-meditation-dharana-concentration-shyama-khyapa.md","c355alJeW_U"
"did-god-turn-face-omicron-nature-wrath-shyama-khyapa.md","3kQfeFiVb14"
"did-gurudev-signal-a-second-disaster-in-2021-prophecies-of-shyama-khyapa.md","-fVx1p-51jk"
"did-humans-create-god-guru-shyama-khyapa.md","-b4mT_yMAqM"
"director-to-director-ramprasad-bamakhepa-film-shyama-khyapa.md","8kOPBoDZKpA"
"disaster-of-civilization-2026-predictions-shyama-khyapa.md","ZopvQ7SllJw"
"disaster-prediction-guptasadhak-shyamakhyapa.md","a3rkprUBKSI"
"divine-coconut-idol-amphan-cyclone-ajay-mondal-shyama-khyapa.md","96D9kIEqTT4"
"do-not-be-swayed-by-the-whims-of-the-mind-ramprasad-song.md","N8n9IjXYF5E"
"do-saints-discriminate-between-religions-islam-sanatana-dharma-shyama-khyapa.md","fDLSeWtM9QU"
"does-the-mother-of-the-earth-get-sick-guru-shyama-khyapa-explains.md","VCokxdfDtLM"
"dol-purnima-cultural-decline-covid-guru-shyama-khyapa.md","8uQicvmhIVY"
"dol-purnima-shantikunj-holi-harinam-sankirtan-shyama-khyapa.md","fky1vz3jFC4"
"doomsday-coming-apocalypse-2024-guru-shyama-khyapa.md","emp6MSEwVbI"
"duggi-real-name-durga-four-names-kola-bou-shyama-khyapa.md","0A0ntWBDXlk"
"durga-puja-arrival-departure-omens-storms-rain-shyama-khyapa.md","-sV7IBR3Bno"
"durga-puja-only-way-salvation-pandemic-covid.md","f2oaERaGHYs"
"duties-of-common-people-in-the-modern-age-guru-shyama-khyapas-prophecy.md","USvSTvKlHPM"
"dwaraka-river-tarapith-mundamalini-shyama-khyapa.md","94nxA90bnQs"
"eagles-eye-chitragupta-divine-cctv-karma-shyama-khyapa.md","cA9WYbRE_cA"
"earth-quickening-rotation-shorter-days.md","KTA7ZN4acbo"
"eight-perfections-ashta-siddhi-hanuman-shyama-khyapa.md","6kSGWDgC8zE"
"employment-crisis-unemployment-guru-shyama-khyapa.md","0i2YtSjTt1I"
"end-of-world-geopolitics-nuclear-war-mahapralay.md","mdbkfCeBmHg"
"end-of-world-part-1-geopolitics-war-prophecy-shyama-khyapa.md","1QE-zrC6nZk"
"enemy-rise-enmity-food-crisis-prophecy-shyama-khyapa.md","cuCLefRrFhk"
"eternal-call-narmada-siddha-search-shyama-khyapa.md","QappRaRJ1UM"
"eternal-guardian-hanuman-mahabharata-kali-yuga.md","lLSEYNpPZ9E"
"falaharini-amabashya-homa-partial-cataclysm-shyama-khyapa.md","ackNPV3mBsk"
"feeling-of-a-saint-divine-realization-shyama-khyapa.md","aMCBXqwiSGs"
"fire-at-tarapith-a-grave-omen-of-disaster.md","OKp8Nqw_DpY"
"fire-ritual-world-peace-mundamalini-khepada-kalu-babu-shyama-khyapa.md","G3oQAX4fcW8"
"fish-ashore-puri-sea-warning-earthquakes-2023-inauspicious-omens.md","aqxbQN_MsGk"
"five-sheaths-koshas-human-body-shyama-khyapa.md","zWSCRZYIuSs"
"flag-on-fire-at-puri-temple-sign-of-cataclysm.md","Byo_93vNRr8"
"food-and-fate-diet-and-devotion.md","jjTTfuov-Xc"
"full-of-sins-greed-guru-education-sold-warning.md","Bu1V6QBTF6o"
"gain-immortality-worship-while-alive-shyama-khyapa.md","D_YBrI_Z6c4"
"gana-deva-nara-rakshasa-astrology-shyama-khyapa.md","7CZMalooafY"
"geopolitics-spirituality-future-predictions-guru-shyama-khyapa.md","-OPR2V7jXqE"
"gift-from-devotee-portrait-jalpaiguri-shyama-khyapa.md","9MJJmyrtrbk"
"gita-reading-at-gurudevs-house-the-path-of-yoga-and-mind-control.md","pnfg-WpRhTg"
"god-arrives-at-devotees-call-jagannath-shyama-khyapa.md","x-EBhaXKtt0"
"god-hears-cries-of-children-shyama-khyapa.md","bv89iE42-gw"
"god-is-the-ultimate-doctor-ego-shyama-khyapa.md","z4k6Ua5jCaU"
"god-is-truth-and-truth-is-god-shyama-khyapa.md","xwAxqGxAlko"
"god-of-fate-bhagya-vidhata-story-shyama-khyapa.md","3qxGZlivw_Y"
"god-reside-within-humans-duality-creation-shyama-khyapa.md","92I26Dw9jW4"
"goddess-durga-destroyer-distress-divine-mother-guru.md","PiPe3iasCM8"
"goddess-saraswati-tantric-household-worship-shyama-khyapa.md","9MEiQ7s3a0U"
"gods-watch-sin-virtue-internal-cctv-shyama-khyapa.md","0uxsBg5dVYQ"
"gone-crazy-the-plight-of-todays-youth-and-ominous-predictions.md","n8x4yuMx1Rc"
"gopal-lap-mahadev-janmashtami-naughty-child.md","46ZIrwhEoP0"
"gotras-lineages-16-bengali-sages-rishi-bloodlines.md","0vbqCzhqauw"
"grandpa-advice-children-guru-shyama-khyapa.md","F7PBw-sjoKg"
"greek-goddess-hecate-kali-comparison-shyama-khyapa.md","0lfQnCecUIw"
"grihi-sanyasi-householder-ascetic-social-responsibility-shyama-khyapa.md","Flx3vexv5gk"
"guru-purnima-kalki-avatar-shyama-khyapa.md","dB-_kNaMg9I"
"guru-responsibility-diksha-shyama-khyapa.md","y3K_7WM7kaU"
"guru-shyama-khyapa-on-sadhus-robes-and-the-esoteric-meaning-of-tantra.md","Ug8qR55AT2U"
"guru-shyama-khyapas-dire-warnings-world-war-3-famine-and-the-bhavishya-malika-prophecies.md","V54LedtmkLM"
"gurudev-74th-birthday-celebration-blessings-shyama-khyapa.md","1oBqhc1DPSA"
"gurudev-answers-questions-selected-by-devotees.md","O8YvHYkw2Fc"
"gurudev-blessings-partha-government-official-disciple-shyama-khyapa.md","8Nc5gDzIQ4I"
"gurudev-health-update-hospital-kali-puja-world-war-prophecy.md","biAMe5tssN0"
"gurudev-memory-tarapith-crematorium-siddhi-pyres-shyama-khyapa.md","fP0Vf5789kM"
"gurudev-rajdarshan-sobhabazar-rajbari-gopinath-shyama-khyapa.md","EZBKaiy0_R8"
"gurudev-serves-patient-asansol-healing-testimony-shyama-khyapa.md","1Hu5YKQcdvw"
"gurudev-shyama-khyapa-answers-devotees-questions-religion-karma-dharma.md","Ad0F-aJRdkU"
"gurudev-shyama-khyapa-arrival-kalki-avatar-final-battle.md","AESexlKqQSU"
"gurudev-shyama-khyapa-journey-tarapith-seeing-tara-maa.md","A-w4erOma8E"
"gurudev-shyama-khyapa-saptarishi-seven-sages-connection.md","12bkroMqhy0"
"gurudev-shyamakshapa-discussed-totapuri.md","ajFlyMtss-Y"
"gurudev-will-not-see-again-apocalypse-2023-kali-raj.md","0lu3qT4sEfE"
"gurudevs-ban-why-not-to-visit-shantikunj-in-bhadra-month.md","ojqmUVBXDKo"
"gurudevs-enlightenment-mother-tara-tarapith-pilgrimage.md","-oX5xn0476w"
"gurudevs-faith-was-hurt-a-supernatural-event-at-shantikunj.md","pNSgQPu0k3E"
"gurudevs-message-on-covid-19-and-people-visiting-shantikunj.md","BC-v7K72u54"
"guruma-amrit-lok-yatra-mourning-guidance-disciples.md","6Erg1QvOezU"
"gyanvapi-mosque-temple-kashi-vishwanath-aurangzeb-shyama-khyapa.md","BFvB0lTXopM"
"har-har-mahadev-meaning-shiva-shyama-khyapa.md","8-VvVKcg73M"
"has-kalkis-game-begun-what-did-gurudev-say.md","aI74Q5-i_o0"
"healing-paralyzed-man-bangaon-mahamrityunjaya-ash-shyama-khyapa.md","AOWiLRspLcg"
"hindu-sanatan-dharma-decline-brahmins-shudra-age.md","b4sC5-2BGAg"
"hmpv-virus-new-panic-2025-prediction.md","9GARCVOQWiI"
"homam-world-peace-shantikunj-2021-predictions-shyama-khyapa.md","f7JZDWBp6eQ"
"home-gods-current-situation.md","Ah48KNoPyJs"
"how-important-is-respect-devotion-love-in-ones-own-life-family-and-society.md","bCwV0pud_h0"
"how-is-gurudev-health-update-message-shyama-khyapa.md","fidJJDPdKH8"
"how-to-recognize-true-guru-shyama-khyapa.md","aR9PScKzkyQ"
"i-am-he-gurudev-on-faith-loknath-baba-and-the-divine-within.md","gVPN5oTY36k"
"i-am-untouchable-secret-seeker-shyama-khyapa.md","0KeshZPUhjU"
"india-will-not-fall-behind-great-souls-shyama-khyapa.md","1Ts5cMMuFDg"
"initiation-deeksha-spiritual-disciple-tradition.md","f8XvUcCDilw"
"initiator-vs-teacher-shiksha-diksha-guru-shyama-khyapa.md","4tg5Io-SxrI"
"irony-of-fate-why-did-gurudev-say-this-to-the-secret-seeker-shyama-khyapa.md","NsqoKMHXtzQ"
"is-formal-worship-mandatory-guru-shyama-khyapa-on-rituals-nature-and-brahman.md","zu8VhFbYoos"
"jagadhatri-puja-arghya-offering-shyama-khyapa.md","do83CffDVu8"
"jagadhatri-puja-mantra-gurudev-mouth-shyama-khyapa.md","5qrMmoF0VHk"
"jagannath-dev-bathing-ceremony-charan-amrita-shyama-khyapa.md","Ft8TjNTcZv0"
"jagannath-invitation-letter-tantric-certificate-mahapralay-prophecy.md","bmr5iSn5Tf4"
"jagannath-snanjatra-bathing-festival-shyama-khyapa.md","74KNxl8S0v8"
"jagatguru-shankaracharya-insights-on-spiritual-initiation-and-scriptures-by-guru-shyama-khyapa.md","CqAiwY0SFoU"
"jambavan-unknown-information-ramayana-mahabharata-shyama-khyapa.md","ferI1mWZ5Sw"
"jhulan-rakhi-purnima-homa-world-peace-shyama-khyapa.md","4enF7ARxjf8"
"jiva-reflection-of-brahma-shyama-khyapa.md","739bY-zre2c"
"journey-of-shyama-khyapa-lawyer-to-tantrik.md","89RNhEUbPGQ"
"jupiter-saturn-conjunction-saturn-birth-story-shyama-khyapa.md","1dlWwKd9Ajc"
"jyoti-darshan-the-vision-of-divine-light-explained.md","OJ_XMKe_UjI"
"kailash-and-manasarovar-darshan-secrets-of-the-five-peaks-revealed-by-guru-shyama-khyapa.md","WOfgAOO1eOQ"
"kali-puja-tantra-amavasya-dangers-shyama-khyapa.md","S5c_hivcEdI"
"kali-tantra-puja-home-warning-shyama-khyapa.md","1npue_wsrKU"
"kamalakanta-bhattacharya-shakta-poet-siddha-purusha.md","D262H6n722A"
"kandari-warning-covid-third-wave-social-responsibility-shyama-khyapa.md","dl0uh9ifupM"
"karma-actions-consequences-shyama-khyapa.md","pIZQmWyhAXs"
"karna-pishach-the-terrifying-occult-practice-explained-by-guru-shyama-khyapa.md","bBqyKatPssg"
"kaushiki-amavasya-meaning-ritual-warning-shyama-khyapa.md","EtBCdy3jlGs"
"keshavji-maharaj-rss-founder-hedgewar-shyama-khyapa.md","-EUn5MojmD8"
"khona-khonar-bochon-legendary-woman-varahamihira-shyama-khyapa.md","Ap-lJ-Hf1A4"
"kindness-vs-justice-dualism-god-will-guru-shyama-khyapa.md","asbPM7bePaQ"
"knowing-understanding-god-parents-children-dharma.md","EhJ_R35NFhI"
"krishna-birth-kamsa-prison-janmashtami-story-shyama-khyapa.md","Cu-_Zz08Rbc"
"last-day-meeting-gurudev-tarapith-visit.md","6EyI0648Hmc"
"lies-name-gurudev-money-fraud-warning-shyama-khyapa.md","89vOs2L_LqI"
"life-and-journey-of-a-sadhak-guru-shyama-khyapa.md","iDbY4-zaNgA"
"living-bhairava-bama-khepa-guru-parampara.md","UYuIHtyHkps"
"locust-plague-biblical-prophecy-kalighat-protection-shyama-khyapa.md","bU15Kp8hSnk"
"lunar-eclipse-advice-buddha-purnima-guru-shyama-khyapa.md","cP8lAhsXBe8"
"ma-tara-part-2-bama-dev-tarapith-divine-mysteries.md","Azu3OtHGqbA"
"magnetic-pull-of-devotion-seekers-from-hills.md","juDbihy1G1Y"
"maha-saptami-ashtami-durga-puja-rituals-sandhi-shyama-khyapa.md","c6Uz2o78v-8"
"mahakal-temple-ujjain-mystery-liquor-offering-shyama-khyapa.md","-MFen0-Zff4"
"mahakal-worship-wheel-of-time-puri-temple-om-shyama-khyapa.md","aNVrKHnrO_0"
"mahalaya-clothing-distribution-community-service-shantikunj.md","AyzkvSDsJBY"
"mahamrityunjay-yagya-1000-days-guru-shyama-khyapa.md","03XREZx9nQ4"
"mahamrityunjaya-yagna-mecca-connection-shyama-khyapa.md","GGX3cyYCk4w"
"mahashivratri-four-phases-puja-bael-leaves-hunter-story.md","aiLSETraaWM"
"mahavidya-bhairavi-goddess-of-temptation.md","kRhkpwBD3is"
"mangalik-yoga-explained-true-astrology-mars-marriage.md","M8Q1KCz213w"
"mecca-kaaba-mahadev-shukracharya-story-shyama-khyapa.md","A2D-UT3B3TM"
"meeting-aghori-arnibana-unity-spiritual-paths-shyama-khyapa.md","CtenWksV6qc"
"meeting-of-souls-swami-jay-bijay-giri-tribute.md","IxJfvWXws5A"
"mental-anguish-silent-grief-consequences-actions-guru-shyama-khyapa.md","4YPw_f_kAqc"
"miraculous-events-of-rajpur-mahashashan-a-sadhak-s-witness.md","4npEP1SWw8s"
"misinformation-protest-gurudev-warning-slander.md","3b0_B2SnjOo"
"moksha-liberation-spiritual-freedom-shyama-khyapa.md","8CHAUMjZEqY"
"money-is-useless-guru-shyama-khyapa.md","yp3cI2xUTyo"
"mother-annapurna-secrets-gyanganj-guru-shyama-khyapa.md","a1YvtY2EZks"
"mother-boglar-bagalamukhi-kalyani-visit-shyama-khyapa.md","8EAoNrkSSqg"
"mother-chamunda-origin-worship-guru-shyama-khyapa.md","EbUYbHTFCCI"
"mother-does-not-tolerate-injustice-possession-warning-shyama-khyapa.md","EoxhOL7Qhcg"
"mother-elephant-killing-consequences-kali-yuga-cruelty-shyama-khyapa.md","-t8__vTg3WQ"
"mother-freed-chain-divine-message-shantikunj.md","8Wr5ikd57P0"
"mother-hangseshwari-bansberia-tantric-architecture.md","9dZaw9g5mN0"
"mother-of-good-and-evil-tarapith-reality.md","JIN-HcAwgYs"
"mother-visit-vama-tara-chained-shanti-kunj-shyama-khyapa.md","92Pqe4cQNDM"
"mutilation-of-nature-spiritual-warning.md","LIBFuSYifm4"
"mystery-of-ram-mandir-and-kalki-avatar.md","II_j1uvxY28"
"mystery-panchamundi-asana-five-skull-seat-shyama-khyapa.md","mZZvJuLT-OE"
"mystery-six-vices-god-appeals-shyama-khyapa.md","fG4ovmb4xas"
"naimisharanya-sacred-forest-sages-puranas-shyama-khyapa.md","4I7XH0ELBkU"
"name-best-kali-hari-naam-sankirtan-shyama-khyapa.md","FlgY5yqvw1o"
"name-fame-respect-wealth-ego-spiritual-perspective-shyama-khyapa.md","-qOuxj6KLQ8"
"narada-sanbad-story-poor-brahmin-durba-grass-shyama-khyapa.md","FISGLvV-DJI"
"narmada-chief-priest-meeting-spiritual-dialogue.md","9_qpkHlItTI"
"narmada-parikrama-what-did-gurudev-say-by-shyama-khyapa.md","Nk4ffUYt0-g"
"nature-moon-orbit-change-prophecy-floods-earthquakes.md","lZ-beblfPdw"
"nature-s-final-warning-gurudev-and-meteorologist-dr-sujit-kar-on-climate-crisis.md","hzR10uCM2Ng"
"nature-technology-metro-tunnel-climate-dialogue-shyama-khyapa.md","BCOBjUa3tuA"
"navagraha-rahu-planet-chhinnamasta-connection-shyama-khyapa.md","6kJ4nx0ysgg"
"not-time-festival-akshaya-tritiya-garland-removed-shyama-khyapa.md","4Ryt6h5RSi0"
"nothing-is-mine-pre-established-harmony-shyama-khyapa.md","CZCTSD4R9gg"
"official-book-release-bona-fide-spiritual-master-shanti-kunj.md","Ay6igzX9dvE"
"official-launch-bona-fide-spiritual-master-book-release.md","Ay6igzX9dvE"
"omkar-pranava-mantra-meditation-shyama-khyapa.md","eXyOeeg-MUU"
"one-goal-different-paths-delta-plus-dr-amitabha-paul-homa-shyama-khyapa.md","deNhJoTtWZk"
"one-should-not-see-stars-in-amat-why-gurudev-warns-against-home-dash-mahavidya-puja.md","oqcCVrePmpU"
"origin-shankha-conch-bangles-sanatani-tradition.md","dIFo5qVFxAk"
"overcoming-financial-difficulties-akanda-root-remedy-shyama-khyapa.md","3Szrmt_Ix7Q"
"pacifying-nature-daily-hom-yagya-shyama-khyapa.md","D6vSlqMD_0g"
"pagla-baba-current-location-jangipur-kamakhya-pilgrimage-shyama-khyapa.md","fBzfHvbAqrM"
"pagla-baba-journey-alipurduar-jamtala-ma-tara.md","bTPpbJbNllE"
"pagla-baba-journey-naxalbari-divine-mother-escort.md","0DkMBiRFvuA"
"pagla-baba-kamakhya-padayatra-1400km-pilgrimage.md","09sBJIF1dfc"
"pagla-baba-location-update-kamakhya-journey-plassey.md","bgYz43G7_4I"
"pagla-baba-pilgrimage-kamakhya-journey-devotion.md","ALp00Wr4sWs"
"pagla-baba-visits-gurudev-after-long-time-shyama-khyapa.md","7KKop2hc3vM"
"pancha-ban-sapta-sagar-and-asta-basu-vedic-concepts-explained.md","odxnYcQbpcA"
"pawanputra-hanuman-the-eternal-devotee.md","BvxwQRSIE6Y"
"phetkarini-tantra-boli-sacrifice-hindu-tradition.md","D2nkKzy6Qwc"
"pohela-boishakh-bengali-new-year-1428-guru-shyama-khyapa.md","A7JkNy-nxrE"
"police-administration-guidance-covid-lockdown-shyama-khyapa.md","7dWYSZOF5Lk"
"politics-and-god-shyama-khyapa.md","LLgZSFjXeqA"
"power-saints-miracles-divine-relationship-guru-shyama-khyapa.md","Zy49RZAgR-U"
"predictions-2022-disease-disasters-shyama-khyapa.md","7VK3rCNb3Ko"
"predictions-for-2021-guru-shyama-khyapas-warning-of-a-terrifying-year.md","yyzZUHJcVZ4"
"prophecy-2025-disaster-signs-saturn-pisces-eclipse-shyama-khyapa.md","-0WmbAQQoyw"
"prophecy-new-bengali-year-kalki-avatar-mahapralay-2024.md","awvKQRa6SPQ"
"prophecy-of-100-crore-deaths-gurudev-on-the-future-of-india-and-societal-decay.md","eOIIvCcnT8c"
"protection-charm-tabeez-kavach-tantra-science-shyama-khyapa.md","EftBprmhykg"
"puri-temple-flag-inauspicious-sign-apocalypse-warning.md","-FaUZB2WngQ"
"radha-madhav-ram-thakur-janmashtami-shyama-khyapa.md","0r6PJ3G6rIg"
"radiant-life-of-mother-anandamayi-nirmala-to-mother-of-universe.md","d4lzGQIUV4s"
"rahu-birth-story-final-episode-surya-chandra-eclipse.md","0SFyEvFuqdA"
"ramakrishna-paramhansadev-guru-shyama-khyapa.md","lXTZ68S2xMg"
"ramakrishna-salt-sea-meeting-vidyasagar.md","b-h47UQGhKA"
"ramprasad-sen-saint-mothers-grace-spiritual-journey.md","PI-lmfe6Ddw"
"ras-purnima-krishna-raas-leela-shyama-khyapa.md","25Er8kS_6x8"
"real-meaning-god-dualism-non-dualism-shyama-khyapa.md","02LVWqsjZWs"
"real-saints-vs-frauds-how-to-recognize-a-true-sadhu.md","1DeX_o6JR1w"
"reason-for-gurudevs-illness.md","9pSOOuZy7So"
"remembering-radiant-being-sky-gurudev-worship-chanting-shyama-khyapa.md","A3Nl5rV9tZQ"
"reunion-after-21-years-guru-shyama-khyapa-sadhika-sangeeta.md","bgpYbu4TkxM"
"russian-devotee-tara-sadhana-tarapith-pilgrimage-shyama-khyapa.md","APIugBYEcpY"
"sacred-trishul-symbolism-and-power.md","kh_6x2-aCko"
"sadhak-ramprasad-sen-life-songs-and-the-path-of-devotion-to-mother-kali.md","E8P-xJGGGUk"
"sadhak-shantikunje-from-bengali-sadhak-samaj-by-shyama-khyapa.md","8_Y9Y2I0mfs"
"sadhak-shyamakhyapa-about-rajpur-burning-ghat.md","bzxrXvfEfSs"
"sadhu-vs-sadhak-spiritual-practitioner-path-shyama-khyapa.md","33oiIsq_q-g"
"sapta-sati-sati-peetha-sacred-sites-spiritual-power-shyama-khyapa.md","-q7oeGz9GlE"
"saptarshi-book-biography-gurudev-shyama-khyapa.md","0i12jXzTh2g"
"sati-peeth-part-one-seven-mahasatis-kamakhya-shyama-khyapa.md","6xK8QESnqNw"
"satyanveshi-water-calculation-method-kriya-yoga-shyama-khyapa.md","C54Pq47uB0c"
"science-of-kula-kundalini-awakening-seven-chakras.md","DA4XqakyaCg"
"science-spirituality-doctors-meet-gurudev.md","6BRkvqohLMM"
"second-mahavidya-mother-tara-part-1.md","JVDd8azGrzI"
"secret-saints-surviving-without-food-gyan-ganj-shyama-khyapa.md","3Vo2Y1qdAXU"
"self-knowledge-atmagyan-who-am-i-guru-shyama-khyapa-on-the-path-to-truth.md","UplgMgeRHo4"
"self-knowledge-divine-knowledge-atma-jnana-brahma-jnana.md","azRZkWJKkmI"
"seven-chakras-body-medical-spiritual-perspective.md","0fzt4w1XDMI"
"seven-seas-thirteen-rivers-internal-external-ritual-significance-shyama-khyapa.md","5NjHfabglNA"
"seven-tongues-agni-fire-mantras-vedic-shyama-khyapa.md","APlvwKfEIvM"
"shadow-of-unrest-guru-shyama-khyapa-on-nature-humanity-and-spiritual-decay.md","PyB3bBkKhls"
"shantikunja-mourning-keshab-ji-passing-shyama-khyapa.md","8xRFQpJFlXE"
"shivhin-yajna-annapurna-puja-story-shyama-khyapa.md","6tcMU6u_Rro"
"shri-bhrigu-son-of-brahma-amarnath-narmada-sacred-sites.md","AqBLOlBGwh4"
"singapore-devotee-biraja-shakti-peeth-viroja-river-shyama-khyapa.md","C2RE9apP3U0"
"solar-storms-and-the-end-of-an-era-guru-shyama-khyapas-2021-predictions.md","XAKwzHkeSnw"
"soul-mystery-afterlife-death-journey-reincarnation.md","P0OOydOSlLY"
"special-announcement-gurudev-not-seeing-visitors-shyama-khyapa.md","g2VXQddjqjQ"
"spiritualism-india-introduction-shyama-khepa-maharaj.md","EtYJ_yrjL10"
"sraddha-ceremonies-pret-lok-soul-journey-ten-months-shyama-khyapa.md","AzroUNconNk"
"stain-on-humanity-rampurhat-violence.md","ISLx_tBBq5Y"
"staying-home-during-solar-eclipse-guru-shyama-khyapa-rituals-eclipse-significance.md","a414cTrRk5I"
"subjugation-and-misconceptions-by-shyama-khyapa.md","nI0_oxnHUqc"
"supernatural-guardian-rajpur-crematorium-shyama-khyapa.md","n6uxr93fvsc"
"swami-vivekananda-women-education-youth-suicide-horoscopes-shyama-khyapa.md","1kQqKf0Wezk"
"tantra-kula-kundalini-breath-retention-chakra-practice.md","AocaCSM6wWo"
"tarapith-crematorium-shmashankali-panchamundi-asana-guru-shyama-khyapa.md","7xaoU_OfO8Q"
"tarapith-sadhana-brahma-shila-bama-khepa.md","9nKm3-zEjvY"
"temple-president-kali-narayan-singh-roy-khyapa-baba.md","4QHLTe4gwGM"
"ten-directions-dash-dik-pal-guardians-mantras-vastu.md","ELPkHKPRaKY"
"terrifying-beauty-of-mother-kali-esoteric-insights.md","d1EvAeLPdBs"
"the-33000-volts-of-divine-power-a-sadhaks-role-in-awakening-the-mother.md","V0SAPo6EGBs"
"the-bitterness-of-modern-society-marriage-family-and-tradition.md","5GkuHpiwXGk"
"the-call-of-the-crematorium-42-years-of-crematorium-sadhana.md","3ibNaPWcFDU"
"the-chariot-of-conscience-finding-peace-in-times-of-crisis.md","1h1ncCiyzJw"
"the-chathurthapurush-and-gupta-sadhak-shyamakhyapa.md","6OUjiUfI-n0"
"the-coming-pandemic-and-its-remedy-by-shyama-khyapa.md","N_cOtVLD-mE"
"the-coromandel-express-accident-a-warning-from-bhabishya-malika.md","ElocGsJNhG8"
"the-dark-side-of-tantra-gurudev-on-pishach-sadhana-and-spiritual-integrity.md","HDOThUxgtrc"
"the-decline-of-mankind-why-did-gurudev-shyama-khyapa-say-this.md","8rLfiyqMsZ0"
"the-difference-between-a-sadhu-and-a-sadhak-guru-shyama-khyapa-explains.md","TD1KkA9oym8"
"the-earths-rotation-and-the-coming-pralaya-guru-shyama-khyapas-prophecy.md","WzGJfML1h5A"
"the-end-of-the-wait-gurudev-on-crossing-the-100000-subscriber-milestone.md","guoP7B1MdGk"
"the-greatness-of-tantra-practice-in-this-era-gurudev-shyama-khyapas-insights.md","5XSnFxRoetQ"
"the-immortal-patriot-gurudev-on-the-mystery-of-netaji-subhash-chandra-bose.md","GhbwZgvRq-c"
"the-life-and-vedic-vision-of-balak-brahmachari-guru-shyama-khyapas-insights.md","y65sxNxBwaE"
"the-messenger-of-death-guru-shyama-khyapa-on-the-moons-shifting-orbit.md","x_s6Js7N8O0"
"the-mystery-of-adya-shakti-and-the-truth-of-reincarnation-guru-shyama-khyapas-wisdom.md","Vnfq3QrVJyw"
"the-mystery-of-ambubachi-science-and-tantra-explained.md","OgXP7w2UEYw"
"the-mystery-of-gyan-ganj-the-hidden-spiritual-kingdom.md","2IuESwxZpC4"
"the-mystery-of-shaba-sadhana-gurudev-on-dead-body-worship-and-kali-siddhi.md","HVxGx7RaXz8"
"the-mystery-of-tarapith-who-is-tara-bata-insights-by-guru-shyama-khyapa.md","QAESEAiM4s8"
"the-relationship-between-tantra-and-vedas-durgaprasanna-paramhansas-divine-grace.md","BvvCrJyjyYM"
"the-return-of-pagla-baba-from-kamakhya-a-spiritual-journey.md","OoJaxMjKiIc"
"the-rigors-of-true-tantra-guru-shyama-khyapa-on-sadhana-gurus-and-resisting-temptation.md","rK2Tq-7UODs"
"the-sacred-path-of-initiation-guru-shyama-khyapa-and-the-new-generation.md","x8C_Q4TK07U"
"the-sacred-pilgrimage-to-reva-gurudev-s-narmada-parikrama.md","2f_K0JCxhqs"
"the-secret-of-kumbhaka-guru-shyama-khyapa-on-yogic-breath-and-longevity.md","9AEE1_LACCs"
"the-secrets-of-kaya-kalpa-and-gyanganj-guru-shyama-khyapa-on-immortality.md","Z81pOPED_NA"
"the-significance-of-shivaratri-guru-shyama-khyapa-on-rituals-and-devotion.md","_URPLEAXdG8"
"the-silent-path-why-gurudev-is-called-gupta-sadhak-shyama-khyapa.md","FkllXUOSkeM"
"the-sinking-peaks-gurudev-on-rudraprayag-ancient-weapons-and-the-coming-cataclysm.md","id2DvZserLs"
"the-strange-experiences-of-gangasagar-22-years-of-devotion.md","0S30B8hmTMs"
"the-supreme-guide-gurudev-on-the-greatness-and-glory-of-bhagavad-gita.md","HZYm7x4dQh8"
"the-world-of-nothingness-divine-insights-from-gurudev-shyama-khyapa.md","66n_5jfCCf4"
"totka-folk-remedies-marriage-children-health-shyama-khyapa.md","7RF-lAN6eUk"
"traveling-subtle-body-sukshmo-shorir-spiritual-vibration.md","aWJC15qH9tw"
"tribeni-pilgrimage-kumbh-mela-revival-shyama-khyapa.md","E9IwRBWZlsM"
"truth-about-ambubachi-shyama-khyapa.md","av4gDTYesvc"
"understanding-god-parenting-shyama-khyapa.md","EhJ_R35NFhI"
"uninhabitable-earth-age-of-kali.md","IwJ9M4Yv7zk"
"universal-truth-jesus-christ-power-universe-shyama-khyapa.md","-c7k29_mDXQ"
"unknown-bamdeb-part-3-temper-mother-tara-confrontation-shyama-khyapa.md","eKPBYWJDx1E"
"unknown-information-about-parashuram-by-guru-shyama-khyapa.md","NsAaqB5IrHk"
"unknown-information-about-parashuram-by-guru-shyama-khyapa.md","NsAaqB5IrHk"
"unknown-things-aiims-doctor-who-visit-shyama-khyapa.md","50tLoH2ja04"
"unraveling-mysteries-waves-gupteswar-nath-shyama-khyapa.md","8iGy_Z24ySc"
"vasudev-kutumbakam-what-did-gurudev-gupta-sadhak-shyamakhyapa-say-about-bangladesh.md","bf1_c1ihRKM"
"vibhuti-holy-ash-mystery-healing-homa-ritual.md","6ejwSE1mh6c"
"vijaya-dashami-rituals-essence-bijoya-durga-puja-shyama-khyapa.md","f5zNlJkNo5c"
"vijayadashami-message-durga-puja-covid-shyama-khyapa.md","BYLf37b5-aw"
"vishwakarma-puja-discussion-durga-puja-mahalaya-shyama-khyapa.md","7BwDgDBj_9M"
"vivekananda-birthday-chandi-path-guru-shyama-khyapa.md","BAfWiFfMVTY"
"vivekananda-birthday-chandi-path-guru-shyama-khyapa.md","BAfWiFfMVTY"
"vivekananda-birthday-saint-grandeur-brahman-realization.md","BAfWiFfMVTY"
"warning-mountains-sea-natural-disasters-part-1-shyama-khyapa.md","7jDaZVtwFkc"
"water-filled-earth-glacial-melting-coastal-submersion-crisis.md","AyU25f96xdE"
"what-did-gurudev-predict-about-delta-plus-spiritual-insights-on-the-covid-19-pandemic.md","-jiMzPSIGr0"
"what-happens-to-the-soul-after-death-guru-shyama-khyapa-explains-the-journey-of-the-soul.md","V26Tf8zDAXQ"
"what-is-ego-shyama-khyapa.md","AjJTPwOJzUM"
"what-is-rath-yatra-without-radha-jagannath-chariot-festival-shyama-khyapa.md","1pzZxK1NQM8"
"what-is-siddhi-guru-shyama-khyapa-explains-spiritual-realization.md","rsC6igdsgYs"
"what-is-the-reason-for-such-a-change-in-brahmins.md","b4sC5-2BGAg"
"what-is-the-search-for-truth-the-real-truth-by-shyama-khyapa.md","NBaNpE6Y5d8"
"what-is-tuktak-superstition-or-science-amazing-scientific-answer-from-gupta-sadhak-shyama-khyapa.md","nutQlT8Fx5c"
"what-to-do-in-ambubachi-shyama-khyapa.md","9BV_WrShwK4"
"where-is-the-end-of-space-gurudev-shyama-khyapas-insights.md","5Rfiy5XWt7Q"
"who-is-god-where-does-he-reside-shyama-khyapa.md","pbQsAWMH2nk"
"who-is-the-guru-of-sin-shyama-khyapa.md","AEQU7xLDMqU"
"who-walks-past-the-crematorium-emperor-guru-shyama-khyapa-and-robi-dom.md","wBHQzdmvm0Y"
"why-are-saints-born-for-a-short-time-by-shyama-khyapa.md","NkfpcI6ASNE"
"why-did-the-beggar-lord-say-this-guru-shyama-khyapa-on-ego-and-greed.md","QvDOScgsnfw"
"why-divorce-happens-and-reasons-for-infertility-astrological-insights-by-guru-shyama-khyapa.md","bBqq-T6BPP4"
"why-dont-people-get-what-they-want-from-god-by-shyama-khyapa.md","NismOaomKtg"
"why-should-we-bear-sins-of-others-shyama-khyapa.md","86umWDMwNm4"
"why-worldly-life-is-futile-guru-shyama-khyapa-on-the-great-cataclysm.md","ZjDEW7lVWOs"
"women-not-untouchable-shantikunj-equality-homa-rituals.md","-SD8ryMPfOk"
"year-2024-predictions-covid-world-war-shyama-khyapa.md","5VpW_0J5X70"
"yoga-guru-social-traditions-shyama-khyapa.md","ZyiOzNN7qac"
"yours-beginning-mine-end-gurudev-shyama-khyapa-spiritual-legacy.md","a-qWFq-sm18"
"youtube-channel-hacked-recovery-story-sanket-achievement.md","-qOf5rdyD_c"
